match_id,blue_top,blue_jg,blue_mid,blue_adc,blue_sup,red_top,red_jg,red_mid,red_adc,red_sup
EUW1_7620108235,Gangplank,Qiyana,Sylas,MissFortune,Nami,Sion,Talon,Akali,Ashe,Sona
EUW1_7618855025,Vayne,Talon,Leblanc,AurelionSol,Pantheon,KSante,Viego,Zoe,Kaisa,Bard
EUW1_7617845711,FiddleSticks,Khazix,Mel,Sivir,Lulu,TwistedFate,Rumble,Qiyana,Tristana,Bard
EUW1_7617801044,Zaahen,LeeSin,Ryze,MissFortune,Janna,Singed,Talon,Leblanc,KogMaw,Bard
EUW1_7616835213,Zilean,Sylas,Jayce,Smolder,Rell,Riven,Talon,Ekko,Lucian,Sona
EUW1_7616788348,Sejuani,XinZhao,Akali,Tristana,Lux,Aatrox,Khazix,TwistedFate,Smolder,Karma
EUW1_7616759576,Sion,Nidalee,Talon,Sona,Janna,DrMundo,Diana,Yasuo,Mel,Rakan
EUW1_7616726585,Ambessa,DrMundo,TwistedFate,Xayah,Thresh,Cassiopeia,Talon,Fizz,Yunara,Karma
EUW1_7614127378,Udyr,Talon,TwistedFate,Yasuo,Rell,Zaahen,Lux,Akali,Viego,
EUW1_7611478036,Zaahen,Skarner,Viktor,Lucian,Karma,Chogath,Talon,Yone,Mel,Senna
EUW1_7617786292,Gangplank,Zac,Veigar,Sivir,Rell,Singed,Ambessa,Syndra,Yunara,Rakan
EUW1_7617770464,Yorick,Sylas,Viktor,Kaisa,Fiora,Rumble,Aatrox,Talon,MissFortune,Pantheon
EUW1_7612502865,Rumble,LeeSin,Taliyah,Sivir,Blitzcrank,Gangplank,Jayce,Syndra,Yunara,Janna
EUW1_7612411160,Jax,Ambessa,Syndra,Kalista,Renata,Rumble,Vi,Yone,Taliyah,Leona
EUW1_7612401971,Sion,LeeSin,Vladimir,Kaisa,Gragas,Ornn,Zed,Ekko,Jhin,Pyke
EUW1_7612326114,Fiora,Shaco,Mel,Kalista,Renata,Vladimir,Aatrox,Malzahar,Kaisa,Pyke
EUW1_7612233484,Cassiopeia,Shen,Taliyah,Caitlyn,Pyke,Irelia,Ambessa,Annie,Ziggs,Bard
EUW1_7612184040,Fiora,MonkeyKing,Ahri,Jhin,Rakan,Chogath,Ambessa,Syndra,Yunara,Lulu
EUW1_7611894660,Jayce,Diana,Viktor,Caitlyn,Neeko,Ambessa,Aatrox,Syndra,Kaisa,Elise
EUW1_7608233554,Yunara,Diana,Yasuo,KSante,Poppy,Gwen,Qiyana,Akali,Lucian,Alistar
EUW1_7620284561,Illaoi,Nidalee,Akali,Ashe,Pyke,Jayce,Nunu,Mel,Jhin,Bard
EUW1_7620257238,KSante,Nunu,Galio,Ziggs,Pyke,Gnar,Zed,Katarina,Tristana,Bard
EUW1_7619363828,Yorick,Talon,Akshan,Lucian,Neeko,Singed,XinZhao,Quinn,Kaisa,Nautilus
EUW1_7619317109,KSante,Diana,Yasuo,Taliyah,Poppy,Vladimir,Nidalee,Renekton,Kalista,Alistar
EUW1_7619277421,Olaf,Sylas,Quinn,Anivia,Poppy,Sion,LeeSin,Ahri,Caitlyn,Karma
EUW1_7619253589,Rumble,Sylas,Jayce,Ashe,Rakan,KSante,Qiyana,Draven,Mel,Pyke
EUW1_7619198968,KSante,XinZhao,Annie,Zeri,Seraphine,Aurora,Nunu,Yone,Draven,Karma
EUW1_7619164634,Zaahen,Sylas,Hwei,Ashe,Karma,Aatrox,Nunu,Cassiopeia,Tristana,Nautilus
EUW1_7619057741,Anivia,Zaahen,Yasuo,MissFortune,Nautilus,Rumble,Qiyana,Malzahar,Draven,Neeko
EUW1_7618626357,Heimerdinger,Evelynn,Yone,Ezreal,Karma,Karthus,Nocturne,Zaahen,MissFortune,Leona
EUW1_7620313668,Shen,Ambessa,Orianna,Kaisa,Nautilus,Yone,Karthus,Taliyah,Draven,Pyke
EUW1_7620084228,Riven,Chogath,Anivia,MissFortune,Blitzcrank,KSante,Zaahen,Syndra,Ezreal,Karma
EUW1_7614717125,Teemo,DrMundo,Zaahen,Ezreal,Karma,Fiora,Elise,Talon,Jhin,Pyke
EUW1_7614641698,Ekko,DrMundo,KSante,Tristana,Poppy,Smolder,Zed,Orianna,Jhin,Leona
EUW1_7613433645,Jayce,Naafiri,Neeko,MissFortune,Rell,Ambessa,Sylas,Galio,Jhin,Poppy
EUW1_7613382618,Yorick,Ambessa,Ryze,Jhin,Nautilus,Aatrox,Poppy,Ekko,Tristana,Leona
EUW1_7613317940,Chogath,Zaahen,Neeko,Tristana,Rell,Renekton,Sylas,Syndra,Vayne,Alistar
EUW1_7612978205,Ornn,Zed,Syndra,Tristana,Elise,Gwen,Viego,Ahri,Zeri,Yuumi
EUW1_7612926221,Rumble,MonkeyKing,Yasuo,Syndra,Soraka,Sion,Karthus,Orianna,Kaisa,Alistar
EUW1_7612869150,Jayce,JarvanIV,Mel,Aphelios,Zoe,Gangplank,Ambessa,Syndra,Jhin,Maokai
EUW1_7620183755,Shen,LeeSin,Katarina,Aphelios,FiddleSticks,Zaahen,Ambessa,Cassiopeia,Zoe,Pyke
EUW1_7620151104,Zaahen,Aatrox,Cassiopeia,Corki,Blitzcrank,Gwen,Ambessa,Taliyah,Ezreal,Anivia
EUW1_7620130639,Yone,Qiyana,Taliyah,Smolder,Rell,Renekton,LeeSin,Syndra,Mel,Nautilus
EUW1_7619523934,KSante,Aatrox,Ziggs,Xayah,Neeko,Renekton,Ekko,Malzahar,Jhin,Bard
EUW1_7619424460,Fiora,Sylas,Ziggs,Corki,Leona,Jayce,Zed,Syndra,Kaisa,Shen
EUW1_7619371662,Shen,Chogath,Jayce,Ziggs,Rell,Fiora,Sylas,KSante,Draven,Neeko
EUW1_7619317109,KSante,Diana,Yasuo,Taliyah,Poppy,Vladimir,Nidalee,Renekton,Kalista,Alistar
EUW1_7619277421,Olaf,Sylas,Quinn,Anivia,Poppy,Sion,LeeSin,Ahri,Caitlyn,Karma
EUW1_7619253589,Rumble,Sylas,Jayce,Ashe,Rakan,KSante,Qiyana,Draven,Mel,Pyke
EUW1_7619229977,Darius,Kindred,Sylas,Mel,Nautilus,Jayce,Rengar,Malzahar,Hwei,Zilean
EUW1_7620337221,Renekton,Jax,Neeko,AurelionSol,Rell,Elise,Hecarim,Corki,Kaisa,Taric
EUW1_7620284561,Illaoi,Nidalee,Akali,Ashe,Pyke,Jayce,Nunu,Mel,Jhin,Bard
EUW1_7620241159,Sion,Nidalee,Zaahen,Kaisa,Nautilus,Pantheon,Sylas,Yone,Ezreal,Karma
EUW1_7620195980,Aurora,Ambessa,Sylas,Jhin,Bard,Illaoi,Diana,Malzahar,Corki,Nautilus
EUW1_7620169642,Urgot,Diana,Yone,MissFortune,Rakan,Gnar,Rengar,Akali,Jhin,Pyke
EUW1_7620064406,Malphite,Nidalee,Taliyah,Ezreal,Rell,Gangplank,Gwen,Sylas,Yunara,Milio
EUW1_7620054727,Ambessa,Aatrox,Mel,Jhin,Rell,Renekton,Diana,Jayce,Neeko,Pyke
EUW1_7620034757,Malphite,Sylas,Yasuo,Tristana,Pantheon,Vayne,Nidalee,Syndra,Ashe,Braum
EUW1_7620027835,Vayne,Sylas,Diana,Smolder,Alistar,Gangplank,Nidalee,Talon,Corki,Rell
EUW1_7620017051,Zaahen,LeeSin,Naafiri,Swain,Sona,Ambessa,Diana,Qiyana,Nilah,Neeko
EUW1_7619942140,Renekton,Aatrox,Qiyana,Seraphine,Rell,Ornn,Sylas,Yone,Mel,Pantheon
EUW1_7619918469,Riven,XinZhao,Zoe,MissFortune,Nautilus,Zaahen,Gwen,Yone,Jhin,Janna
EUW1_7619887042,Shen,Ambessa,Ryze,Sivir,Janna,Aurora,Viego,Zed,Yunara,DrMundo
EUW1_7619835342,Urgot,XinZhao,Annie,Mel,Pyke,Aatrox,JarvanIV,Taliyah,Jhin,Leona
EUW1_7619797806,Gnar,Ambessa,Ekko,Sivir,Poppy,Vayne,Viego,Sylas,Zeri,Neeko
EUW1_7619753537,Ambessa,Chogath,Katarina,Kaisa,Alistar,Yorick,Nidalee,Yasuo,Sivir,Rell
EUW1_7619231210,Urgot,Fizz,Quinn,MissFortune,Rell,Ambessa,Talon,Annie,Yunara,Leona
EUW1_7619198968,KSante,XinZhao,Annie,Zeri,Seraphine,Aurora,Nunu,Yone,Draven,Karma
EUW1_7619164634,Zaahen,Sylas,Hwei,Ashe,Karma,Aatrox,Nunu,Cassiopeia,Tristana,Nautilus
EUW1_7619131486,Zaahen,DrMundo,Ahri,Yunara,Alistar,Singed,Nocturne,Swain,Jhin,Bard
EUW1_7612411160,Jax,Ambessa,Syndra,Kalista,Renata,Rumble,Vi,Yone,Taliyah,Leona
EUW1_7610285568,Jayce,Zaahen,Azir,Smolder,Poppy,Fiora,Ambessa,Akali,Corki,Leona
EUW1_7607270323,Rumble,Qiyana,Irelia,Swain,Senna,Ambessa,Diana,Yone,Kaisa,Rakan
EUW1_7607221033,Viktor,Sylas,Renekton,Smolder,Nautilus,Teemo,Nunu,Fiora,Ezreal,Pantheon
EUW1_7603539287,Ambessa,Rengar,Leblanc,Yunara,Thresh,Irelia,Hecarim,Zed,Sivir,Neeko
EUW1_7603475972,Vayne,JarvanIV,Sylas,Yunara,Karma,Rumble,XinZhao,Akali,Ezreal,Velkoz
EUW1_7603432728,AurelionSol,Elise,Jax,Akshan,Maokai,Heimerdinger,Naafiri,Irelia,Ezreal,Fiora
EUW1_7603384791,Ambessa,Nidalee,Irelia,Mel,Rell,KSante,Elise,Hwei,Smolder,Bard
EUW1_7602531916,Ryze,Jax,Sion,Ashe,Pyke,Riven,DrMundo,Rumble,Tristana,Lulu
EUW1_7602463594,Rumble,Graves,Veigar,Kaisa,Nautilus,Ambessa,Qiyana,Leblanc,Taliyah,Blitzcrank
EUW1_7618859923,Rumble,Rengar,Mel,Yunara,Poppy,KSante,Ekko,Talon,Jhin,Rell
EUW1_7618845880,Renekton,Ivern,Taliyah,Aphelios,Alistar,Vayne,Talon,Orianna,Yunara,Rell
EUW1_7618812254,Sion,Ambessa,Akali,MissFortune,Bard,Fiora,RekSai,Galio,Jhin,Renata
EUW1_7618782563,Renekton,Diana,Yasuo,MissFortune,Lulu,Gragas,Rengar,Qiyana,Yunara,Bard
EUW1_7618714120,Jayce,Vi,Hwei,Ezreal,Karma,Urgot,Viego,Akali,Kaisa,Neeko
EUW1_7618655737,Zaahen,Aatrox,Hwei,Yunara,KSante,Chogath,Sylas,Qiyana,Aphelios,Nautilus
EUW1_7618606588,Sylas,LeeSin,Yone,Kaisa,Rakan,Renekton,Aatrox,Ekko,Yunara,Braum
EUW1_7618523144,Ambessa,Diana,Talon,Zeri,Janna,Renekton,Viego,Syndra,Sivir,Sylas
EUW1_7618462060,Gwen,Sylas,Qiyana,Jhin,Neeko,Shen,LeeSin,Ahri,Ziggs,Rell
EUW1_7618405294,Sion,Diana,Yasuo,Tristana,Alistar,Olaf,Sylas,Talon,Ziggs,Janna
EUW1_7606753056,Irelia,Sylas,Syndra,Ezreal,Karma,Gragas,LeeSin,Mel,Yunara,Lulu
EUW1_7606730138,Ambessa,Taliyah,Irelia,Jhin,Janna,Yorick,Sylas,Aurora,Kaisa,Pyke
EUW1_7606661712,Ambessa,LeeSin,Orianna,Yunara,Neeko,KSante,Nidalee,Xerath,Smolder,Poppy
EUW1_7606611426,KSante,Pantheon,Lissandra,Ashe,Soraka,Gwen,Jax,Zed,Caitlyn,Nidalee
EUW1_7606553117,KSante,Naafiri,Taliyah,Ashe,Nautilus,Camille,LeeSin,Orianna,Ezreal,Soraka
EUW1_7606484815,Ekko,Qiyana,Syndra,Kaisa,Taric,Ornn,Nidalee,Corki,Ezreal,Bard
EUW1_7606423341,Shen,Naafiri,Taliyah,Caitlyn,Karma,Aurora,LeeSin,Irelia,Ezreal,Nautilus
EUW1_7598430528,Gragas,JarvanIV,Ekko,Caitlyn,Bard,Cassiopeia,Karthus,Irelia,Draven,Rell
EUW1_7598400655,Irelia,Diana,Qiyana,Jhin,Pyke,Renekton,Graves,Malzahar,Yunara,Rell
EUW1_7597113407,Riven,LeeSin,Ekko,Kalista,Nautilus,Renekton,JarvanIV,Pantheon,Yunara,Braum
EUW1_7620376114,Aatrox,Talon,Viktor,Jhin,Poppy,Jayce,Zed,Ahri,Ezreal,Leona
EUW1_7620347051,Singed,Shaco,Ryze,Tristana,Alistar,Vladimir,Naafiri,Ekko,Lucian,Nami
EUW1_7620268027,Vladimir,Aatrox,Kassadin,Aphelios,Blitzcrank,LeeSin,Chogath,Hwei,MissFortune,Braum
EUW1_7620237948,DrMundo,Qiyana,Ahri,MissFortune,Pyke,Quinn,Diana,Hwei,Tristana,Sona
EUW1_7620195980,Aurora,Ambessa,Sylas,Jhin,Bard,Illaoi,Diana,Malzahar,Corki,Nautilus
EUW1_7620151104,Zaahen,Aatrox,Cassiopeia,Corki,Blitzcrank,Gwen,Ambessa,Taliyah,Ezreal,Anivia
EUW1_7620101149,Gnar,Aatrox,Taliyah,Seraphine,Nautilus,Jayce,Khazix,Syndra,Jhin,Neeko
EUW1_7614594247,Sion,Ambessa,Ryze,Jhin,Janna,Chogath,Sylas,Jayce,Tristana,Alistar
EUW1_7614539802,Rumble,Ambessa,TwistedFate,Caitlyn,Senna,Yorick,RekSai,Akali,Kaisa,Blitzcrank
EUW1_7613920298,Zaahen,Rengar,Xerath,Jhin,Soraka,Corki,Chogath,Mel,Sivir,Nautilus
EUW1_7619496406,Renekton,Ambessa,Ahri,Corki,Janna,Quinn,LeeSin,Hwei,Yasuo,Alistar
EUW1_7619459331,Quinn,DrMundo,Ahri,Tristana,Lulu,Zaahen,Ambessa,Taliyah,Samira,Nautilus
EUW1_7619410050,Cassiopeia,Rengar,Neeko,Yunara,Lulu,Zaahen,Aatrox,Orianna,MissFortune,Alistar
EUW1_7619221324,Irelia,JarvanIV,Neeko,Mel,Pantheon,Ambessa,Karthus,Viktor,MissFortune,Thresh
EUW1_7619166004,Vladimir,Ambessa,Zed,Yunara,Lulu,Gnar,DrMundo,Ahri,Kaisa,Poppy
EUW1_7619134339,Sion,Diana,Zed,Caitlyn,Karma,Vladimir,Qiyana,Ahri,Yunara,Nautilus
EUW1_7619104865,Fiora,Nidalee,Mel,MissFortune,Nautilus,Aurora,JarvanIV,Ahri,Ezreal,Pantheon
EUW1_7619084918,Gnar,Elise,Annie,Yunara,Nami,Irelia,Karthus,Ahri,Ashe,Bard
EUW1_7619059732,Yorick,Ambessa,Mel,MissFortune,Shen,Zaahen,Aatrox,Ahri,Kaisa,Leona
EUW1_7615917755,Viego,XinZhao,Akali,Mel,Alistar,Shen,Ambessa,Galio,Yunara,Rell
EUW1_7617940731,Gangplank,JarvanIV,Mel,Yunara,Karma,Gwen,Chogath,Jayce,Kaisa,Rakan
EUW1_7617902515,Ambessa,Olaf,Sylas,Kaisa,Bard,Rumble,Rengar,Gwen,Nilah,Zilean
EUW1_7617770464,Yorick,Sylas,Viktor,Kaisa,Fiora,Rumble,Aatrox,Talon,MissFortune,Pantheon
EUW1_7617741724,Zaahen,Sylas,Qiyana,Ashe,Braum,Fiora,Chogath,Taliyah,Kaisa,Nautilus
EUW1_7617710213,Varus,Ambessa,Cassiopeia,Zeri,Lulu,Zaahen,Viego,Akali,Jhin,Fiora
EUW1_7617586891,Kled,Zaahen,Cassiopeia,Kaisa,Nautilus,Shen,RekSai,Orianna,Caitlyn,Rell
EUW1_7604702844,Riven,Shaco,Syndra,Kaisa,Pyke,Quinn,DrMundo,Seraphine,Ezreal,Leona
EUW1_7604655671,Ambessa,XinZhao,Morgana,Kaisa,Blitzcrank,Irelia,LeeSin,Syndra,Caitlyn,Janna
EUW1_7604429647,Ambessa,Neeko,Quinn,Tristana,Alistar,Vayne,Talon,Syndra,Jhin,Rell
EUW1_7604374581,Ambessa,Elise,Yone,Ziggs,Galio,Renekton,Khazix,Lissandra,Kaisa,Rell
EUW1_7620442094,Zaahen,Qiyana,Aurora,Ziggs,Amumu,Rumble,MonkeyKing,Mel,Jhin,Rakan
EUW1_7620400539,Aatrox,Hecarim,Hwei,Tristana,Rell,Zaahen,Sylas,Akali,Yunara,Taric
EUW1_7620260290,Quinn,JarvanIV,Syndra,Yunara,Alistar,DrMundo,LeeSin,Taliyah,MissFortune,Neeko
EUW1_7620231998,Zaahen,Qiyana,Vex,MissFortune,Janna,Jayce,Viego,Katarina,Mel,Blitzcrank
EUW1_7620130639,Yone,Qiyana,Taliyah,Smolder,Rell,Renekton,LeeSin,Syndra,Mel,Nautilus
EUW1_7620104464,Zaahen,Ornn,Sylas,Tristana,Lulu,Fiora,RekSai,Mel,Jhin,Bard
EUW1_7620075176,Jax,Aatrox,Syndra,Zeri,Rakan,KSante,Nidalee,Aurora,Vayne,Rell
EUW1_7620058669,Sylas,Qiyana,Ryze,Xayah,Rell,Fiora,Udyr,Akali,Kaisa,Alistar
EUW1_7619410050,Cassiopeia,Rengar,Neeko,Yunara,Lulu,Zaahen,Aatrox,Orianna,MissFortune,Alistar
EUW1_7619362932,Jax,Aatrox,Syndra,Mel,Senna,Sylas,DrMundo,Orianna,Fiora,Leona
EUW1_7618292430,Aphelios,Chogath,Ahri,KSante,Karma,Gnar,Trundle,Jayce,Ziggs,Alistar
EUW1_7618147687,Vladimir,Jayce,Neeko,Draven,Janna,Shen,Zed,Malzahar,Kaisa,Bard
EUW1_7618122613,DrMundo,Ambessa,Ahri,MissFortune,Pyke,Irelia,LeeSin,Vladimir,Kaisa,Poppy
EUW1_7618082942,Vladimir,Nunu,Poppy,Kalista,Renata,Aatrox,Diana,Yasuo,Kaisa,Rakan
EUW1_7618056492,Vayne,Nocturne,Ahri,Qiyana,Poppy,Riven,Diana,Yasuo,Lucian,Neeko
EUW1_7618002671,Aurora,Viego,Ahri,Tristana,Lulu,Sion,Aatrox,Ekko,Jhin,Janna
EUW1_7617971951,Shen,Diana,Ahri,MissFortune,Neeko,Kled,Nidalee,Syndra,Xayah,Leona
EUW1_7617131304,Rumble,Graves,Ahri,Jhin,Poppy,Sion,Kindred,Orianna,Ziggs,Rell
EUW1_7617107020,Zaahen,Diana,Tristana,Ziggs,Bard,Gwen,Aatrox,Ahri,Jhin,Pyke
EUW1_7617070921,Zaahen,Aatrox,Neeko,Malzahar,Bard,Fiora,Ambessa,Cassiopeia,Tristana,Pyke
EUW1_7619797806,Gnar,Ambessa,Ekko,Sivir,Poppy,Vayne,Viego,Sylas,Zeri,Neeko
EUW1_7619745657,Sion,Zed,Gwen,Yunara,Lulu,Jax,Aatrox,Velkoz,Jhin,Bard
EUW1_7619660887,Zaahen,Ekko,Gragas,Varus,Pyke,Jayce,Viego,Zoe,Taliyah,Janna
EUW1_7619568281,Ornn,Jayce,Ahri,Jhin,Neeko,Rumble,Rengar,Orianna,Ezreal,Nautilus
EUW1_7618704166,Zaahen,Diana,Cassiopeia,Ezreal,Rell,Varus,Zac,Yone,Mel,Pantheon
EUW1_7618641397,Zaahen,Khazix,Mel,Yunara,Pyke,Gwen,DrMundo,Cassiopeia,MissFortune,Zilean
EUW1_7618584472,Sion,Karthus,Syndra,MissFortune,Bard,Yone,Ekko,Velkoz,Ezreal,Pyke
EUW1_7618511552,Gwen,Jax,Syndra,Yasuo,Alistar,Zaahen,Belveth,Aurora,Karthus,Gragas
EUW1_7618454534,Zaahen,Diana,Yasuo,Sivir,Gragas,Gwen,Ivern,Renekton,Yunara,Alistar
EUW1_7618385316,Warwick,Rengar,Morgana,Yunara,Alistar,Zaahen,LeeSin,Malzahar,Sivir,Gragas
EUW1_7620442094,Zaahen,Qiyana,Aurora,Ziggs,Amumu,Rumble,MonkeyKing,Mel,Jhin,Rakan
EUW1_7620369119,Sylas,Qiyana,Ahri,MissFortune,Rell,Ambessa,Karthus,Quinn,Xayah,Bard
EUW1_7619904412,Jayce,Sylas,Ekko,Yunara,Janna,Yorick,LeeSin,Mel,Aurora,Nautilus
EUW1_7619859543,Sion,Malphite,Quinn,Draven,Janna,KSante,Qiyana,Sylas,Karthus,Nami
EUW1_7619753453,Jayce,Nocturne,Taliyah,Mel,Nautilus,Malphite,Nidalee,Quinn,Ezreal,Leona
EUW1_7619339525,Rumble,Kayn,Yasuo,Velkoz,Rell,Riven,Sylas,Quinn,Vayne,Alistar
EUW1_7619277421,Olaf,Sylas,Quinn,Anivia,Poppy,Sion,LeeSin,Ahri,Caitlyn,Karma
EUW1_7619231210,Urgot,Fizz,Quinn,MissFortune,Rell,Ambessa,Talon,Annie,Yunara,Leona
EUW1_7618848817,Gwen,Kayn,Akali,Kaisa,Pantheon,Jax,XinZhao,Quinn,Katarina,Renata
EUW1_7618809525,Rumble,Rengar,TwistedFate,Jhin,Karma,Zaahen,MonkeyKing,Quinn,Swain,Nautilus
EUW1_7619523934,KSante,Aatrox,Ziggs,Xayah,Neeko,Renekton,Ekko,Malzahar,Jhin,Bard
EUW1_7619460777,Aatrox,Jayce,Syndra,MissFortune,Blitzcrank,KSante,Malphite,Akali,Yunara,Thresh
EUW1_7618523144,Ambessa,Diana,Talon,Zeri,Janna,Renekton,Viego,Syndra,Sivir,Sylas
EUW1_7617431879,Gangplank,Diana,Syndra,MissFortune,Poppy,Ambessa,Sylas,Akali,Aphelios,Rell
EUW1_7616129539,Kennen,DrMundo,Akali,Smolder,Rakan,Zaahen,Trundle,Mel,MissFortune,Nautilus
EUW1_7611230998,Jayce,Aatrox,Akali,Mel,Rell,Gwen,Nidalee,Yone,Smolder,Alistar
EUW1_7611143789,Gnar,Ambessa,Viktor,Akali,Neeko,Gangplank,Chogath,Syndra,Zeri,Rell
EUW1_7611065465,Zaahen,Jayce,Akali,Smolder,Bard,Aurora,Ambessa,Syndra,Yunara,Leona
EUW1_7607970770,Warwick,Belveth,Azir,KogMaw,Thresh,Renekton,LeeSin,Syndra,Jinx,Lux
EUW1_7606954201,Rumble,Qiyana,Syndra,Jhin,Rakan,Ambessa,Sylas,Jayce,Caitlyn,Zoe
EUW1_7619530620,Zaahen,Malphite,Draven,Kaisa,Bard,Jayce,Sylas,Akali,Jhin,Alistar
EUW1_7616040088,Ornn,Ambessa,Akali,Caitlyn,Alistar,Mordekaiser,Talon,Yasuo,MissFortune,Rell
EUW1_7615990293,Jax,Qiyana,Katarina,Corki,Rakan,Kennen,Ambessa,Irelia,Tristana,Alistar
EUW1_7615820854,KSante,Naafiri,Katarina,Kaisa,Pantheon,Rumble,Skarner,Irelia,Karthus,Olaf
EUW1_7615778658,Gragas,Elise,Yone,Smolder,Senna,Riven,Karthus,Irelia,Kalista,Nautilus
EUW1_7615749752,KSante,Diana,Irelia,Kaisa,Poppy,Aatrox,Rengar,Akali,Caitlyn,Sona
EUW1_7615715425,Vayne,Nidalee,Vladimir,Jhin,Poppy,Akali,Sylas,Zaahen,Yunara,Thresh
EUW1_7615450637,Sion,Sylas,Syndra,Zeri,Soraka,Jayce,Janna,Irelia,MissFortune,
EUW1_7615407848,Sett,Fizz,LeeSin,MissFortune,Zoe,Malphite,Ekko,Akali,Draven,Nami
EUW1_7615369506,Zaahen,Diana,Irelia,Varus,Soraka,Ryze,Ambessa,Mel,Ashe,Blitzcrank
EUW1_7619694692,Aatrox,Viego,Katarina,Zoe,Janna,Jayce,DrMundo,Sylas,MissFortune,Rell
EUW1_7618142647,Gangplank,Elise,Annie,Xayah,Pyke,Yorick,Rengar,Talon,Zoe,Neeko
EUW1_7605698127,Gnar,Qiyana,Zoe,Ezreal,Rakan,Shen,JarvanIV,Galio,Mel,Bard
EUW1_7603307654,Garen,LeeSin,Zoe,Lucian,Kennen,Ambessa,Pantheon,Akali,Ezreal,Rell
EUW1_7603256495,Vladimir,Khazix,Akali,Caitlyn,Poppy,Viego,JarvanIV,Zoe,Ziggs,Nautilus
EUW1_7602804943,Irelia,Qiyana,Malzahar,Kaisa,Sylas,Swain,LeeSin,Ryze,Samira,Zoe
EUW1_7602754896,Garen,Qiyana,Taliyah,Hwei,Rell,Jayce,Nidalee,Zoe,Malzahar,Senna
EUW1_7602693194,Sion,Qiyana,Corki,Zoe,Lux,Darius,Graves,Neeko,Ezreal,Blitzcrank
EUW1_7602137138,Sion,Jax,Aurora,Yunara,Nautilus,Darius,Sylas,Zoe,Aphelios,Janna
EUW1_7602115759,Ambessa,Diana,Zoe,Smolder,Thresh,Renekton,Jax,Orianna,Ezreal,Janna
EUW1_7620075176,Jax,Aatrox,Syndra,Zeri,Rakan,KSante,Nidalee,Aurora,Vayne,Rell
EUW1_7620054727,Ambessa,Aatrox,Mel,Jhin,Rell,Renekton,Diana,Jayce,Neeko,Pyke
EUW1_7608953766,Akali,Naafiri,Mel,Ezreal,Alistar,Darius,Rengar,Syndra,Kaisa,Leona
EUW1_7608921711,Renekton,Viego,Ambessa,Ziggs,Nautilus,Camille,Sylas,Syndra,MissFortune,Rell
EUW1_7608901780,Tristana,Fizz,Urgot,Kaisa,Neeko,Vayne,XinZhao,Diana,Kalista,Thresh
EUW1_7607989130,Aatrox,Karthus,Syndra,Yunara,Rell,Chogath,Sylas,Galio,Corki,Braum
EUW1_7607961205,Aatrox,Rengar,Syndra,Corki,Bard,Sion,Hecarim,Ryze,Yunara,Zilean
EUW1_7607943705,Renekton,Diana,Galio,Corki,Pyke,Teemo,Talon,Akali,Draven,Bard
EUW1_7607927327,Sion,Nidalee,Ryze,Ashe,Rell,Ambessa,JarvanIV,Akali,Senna,Lux
EUW1_7607403748,Darius,Sylas,Caitlyn,Ezreal,Mel,Nidalee,Elise,Ryze,Smolder,Nautilus
EUW1_7620457472,Rumble,JarvanIV,Nunu,Kaisa,Morgana,Aurora,Zed,Taliyah,Jhin,Alistar
EUW1_7620408438,DrMundo,Ambessa,KogMaw,Lucian,Nami,Aatrox,Karthus,Taliyah,Jhin,Nautilus
EUW1_7620376114,Aatrox,Talon,Viktor,Jhin,Poppy,Jayce,Zed,Ahri,Ezreal,Leona
EUW1_7620333275,Ambessa,Aatrox,Malzahar,Mel,Alistar,Irelia,Talon,Azir,Sivir,Bard
EUW1_7620267223,Trundle,Qiyana,Syndra,Anivia,Rakan,Zaahen,Ambessa,Fizz,Zoe,Nautilus
EUW1_7620227259,Zaahen,Diana,Ryze,Yunara,Poppy,Rumble,Kindred,Taliyah,Tristana,Alistar
EUW1_7620196890,Fiora,DrMundo,Neeko,Lucian,Bard,Malphite,Diana,Yone,Xayah,Nautilus
EUW1_7619396957,Quinn,Hecarim,Ekko,Varus,Alistar,Zaahen,XinZhao,Urgot,Tristana,Braum
EUW1_7619363828,Yorick,Talon,Akshan,Lucian,Neeko,Singed,XinZhao,Quinn,Kaisa,Nautilus
EUW1_7619317109,KSante,Diana,Yasuo,Taliyah,Poppy,Vladimir,Nidalee,Renekton,Kalista,Alistar
EUW1_7619032976,Zaahen,Naafiri,Orianna,Aphelios,Janna,Aatrox,Zyra,Syndra,Kaisa,Blitzcrank
EUW1_7617964643,Jax,LeeSin,Akali,Yunara,Soraka,KSante,Talon,Ahri,MissFortune,Taric
EUW1_7616784542,KSante,Kayn,Viktor,Jhin,Karma,Irelia,Khazix,Sylas,MissFortune,Nautilus
EUW1_7616756296,Zed,Chogath,Aurora,Yunara,Janna,Pantheon,Karthus,Sylas,Aphelios,Shaco
EUW1_7615588848,Camille,MonkeyKing,Orianna,Yunara,Bard,Irelia,Sylas,Ahri,Twitch,Sona
EUW1_7615583610,Malphite,Sylas,Yasuo,Smolder,RekSai,Kennen,Viego,Akali,Kaisa,Nautilus
EUW1_7610224932,Zaahen,MonkeyKing,Ryze,Kaisa,Blitzcrank,Quinn,Aatrox,Azir,Jhin,Velkoz
EUW1_7610198899,Karma,JarvanIV,Ryze,MissFortune,Thresh,Jayce,Diana,Orianna,Jhin,XinZhao
EUW1_7610174747,Zaahen,Sylas,Syndra,Yunara,Janna,Nasus,Trundle,Akali,Jinx,Thresh
EUW1_7608875708,Fiora,Teemo,Ahri,Jhin,Rell,Sion,Talon,Orianna,Sivir,Sona
EUW1_7620250665,Gragas,Sylas,Zed,Kaisa,Pantheon,Olaf,Aatrox,Taliyah,Tristana,Rakan
EUW1_7620221622,Ambessa,JarvanIV,Viktor,Sivir,Neeko,Cassiopeia,Nocturne,Syndra,Zeri,Sona
EUW1_7619131486,Zaahen,DrMundo,Ahri,Yunara,Alistar,Singed,Nocturne,Swain,Jhin,Bard
EUW1_7618056492,Vayne,Nocturne,Ahri,Qiyana,Poppy,Riven,Diana,Yasuo,Lucian,Neeko
EUW1_7616951629,Jax,Nocturne,Yone,Ziggs,Bard,Kennen,Zaahen,Orianna,Ezreal,Alistar
EUW1_7614924448,Teemo,Nocturne,Irelia,Ezreal,Leona,Malphite,Rengar,Syndra,Tristana,Nautilus
EUW1_7610901650,Gangplank,Nocturne,Irelia,Ekko,Rell,Renekton,Sylas,Taliyah,Caitlyn,Alistar
EUW1_7610828968,Gangplank,LeeSin,Orianna,Cassiopeia,Rakan,Jayce,DrMundo,Hwei,Smolder,Janna
EUW1_7609683279,Zaahen,Ornn,Aurora,Corki,Rakan,Gangplank,Shaco,Ahri,Ezreal,Bard
EUW1_7609607455,Gangplank,LeeSin,Akali,KogMaw,Lulu,Pantheon,Chogath,Tristana,Ezreal,Bard
EUW1_7620041076,Gragas,Khazix,Orianna,Draven,Nautilus,Vayne,Teemo,Lux,Jinx,Pyke
EUW1_7620031942,Gragas,Rumble,Corki,Draven,Rell,Shen,Vi,Twitch,Kaisa,Blitzcrank
EUW1_7620019129,Zaahen,Zed,Syndra,Kaisa,Thresh,Ambessa,Talon,Katarina,Twitch,Rakan
EUW1_7620014601,Zaahen,Khazix,Kassadin,Twitch,Karma,Gragas,LeeSin,Velkoz,Nilah,Nautilus
EUW1_7619150316,Vayne,Rengar,Smolder,Ziggs,Sona,Riven,Viego,Malzahar,Lucian,Janna
EUW1_7619136511,Shen,DrMundo,MissFortune,Mel,Rell,Rumble,Zed,Malzahar,Tristana,Nautilus
EUW1_7619098883,Gnar,Qiyana,Sylas,Xerath,Rakan,Malphite,Ambessa,Orianna,Kaisa,Rell
EUW1_7619070175,Sion,Diana,Malzahar,MissFortune,Neeko,Jayce,Sylas,Ziggs,Xayah,Rakan
EUW1_7619041119,Sion,Sylas,Twitch,Jhin,Janna,Fiora,Skarner,Ekko,Smolder,Rakan
EUW1_7619015065,Fiora,Jayce,Fizz,Twitch,Rakan,Sion,Kayn,Mel,MissFortune,Neeko
EUW1_7619821974,Sion,Malphite,Ahri,Taliyah,Pantheon,Aatrox,Khazix,Orianna,Ekko,Bard
EUW1_7619773223,Shen,Hecarim,Akali,AurelionSol,Rell,Renekton,LeeSin,Leblanc,Mel,Nautilus
EUW1_7619710731,Sett,Diana,Mel,MissFortune,Alistar,Gwen,Viego,Yasuo,Cassiopeia,Rell
EUW1_7617042401,Irelia,Aatrox,Anivia,MissFortune,Pyke,Zaahen,LeeSin,Neeko,Ezreal,Bard
EUW1_7616076461,Shen,Qiyana,Yone,Mel,Sylas,Kennen,Viego,Syndra,Smolder,Amumu
EUW1_7613325839,Zac,Aatrox,Mel,Sivir,Lulu,KSante,Qiyana,Syndra,Caitlyn,Zoe
EUW1_7610581153,Ambessa,Zaahen,Ekko,Kaisa,Thresh,LeeSin,Rengar,Nunu,Zeri,Yuumi
EUW1_7609133218,Sion,Malphite,Akali,Yunara,Pyke,Aatrox,Diana,Orianna,Kaisa,Bard
EUW1_7601314680,Darius,Elise,Hwei,Corki,Pyke,Vayne,Qiyana,Malzahar,Sivir,Rell
EUW1_7601145120,Gwen,LeeSin,Syndra,Kaisa,Nautilus,Olaf,Viego,Ryze,Ashe,Seraphine
EUW1_7620457472,Rumble,JarvanIV,Nunu,Kaisa,Morgana,Aurora,Zed,Taliyah,Jhin,Alistar
EUW1_7620408438,DrMundo,Ambessa,KogMaw,Lucian,Nami,Aatrox,Karthus,Taliyah,Jhin,Nautilus
EUW1_7620356647,Zaahen,Hecarim,Taliyah,MissFortune,Neeko,Aurora,Shaco,Katarina,Yunara,Rakan
EUW1_7620313668,Shen,Ambessa,Orianna,Kaisa,Nautilus,Yone,Karthus,Taliyah,Draven,Pyke
EUW1_7620260290,Quinn,JarvanIV,Syndra,Yunara,Alistar,DrMundo,LeeSin,Taliyah,MissFortune,Neeko
EUW1_7619821974,Sion,Malphite,Ahri,Taliyah,Pantheon,Aatrox,Khazix,Orianna,Ekko,Bard
EUW1_7619753453,Jayce,Nocturne,Taliyah,Mel,Nautilus,Malphite,Nidalee,Quinn,Ezreal,Leona
EUW1_7619660887,Zaahen,Ekko,Gragas,Varus,Pyke,Jayce,Viego,Zoe,Taliyah,Janna
EUW1_7619594570,Vayne,Malphite,Hwei,Yunara,Lulu,Zaahen,Ambessa,Ahri,Kaisa,Nami
EUW1_7619496406,Renekton,Ambessa,Ahri,Corki,Janna,Quinn,LeeSin,Hwei,Yasuo,Alistar
EUW1_7619797806,Gnar,Ambessa,Ekko,Sivir,Poppy,Vayne,Viego,Sylas,Zeri,Neeko
EUW1_7619739599,Yone,Ekko,Syndra,Yunara,Rell,Jayce,Ivern,Aurora,Jinx,Leona
EUW1_7619657658,Gangplank,Aatrox,Orianna,Zeri,Lulu,Sion,Ambessa,Viktor,Tristana,Janna
EUW1_7619568281,Ornn,Jayce,Ahri,Jhin,Neeko,Rumble,Rengar,Orianna,Ezreal,Nautilus
EUW1_7619523934,KSante,Aatrox,Ziggs,Xayah,Neeko,Renekton,Ekko,Malzahar,Jhin,Bard
EUW1_7619460777,Aatrox,Jayce,Syndra,MissFortune,Blitzcrank,KSante,Malphite,Akali,Yunara,Thresh
EUW1_7619410050,Cassiopeia,Rengar,Neeko,Yunara,Lulu,Zaahen,Aatrox,Orianna,MissFortune,Alistar
EUW1_7618812254,Sion,Ambessa,Akali,MissFortune,Bard,Fiora,RekSai,Galio,Jhin,Renata
EUW1_7618782563,Renekton,Diana,Yasuo,MissFortune,Lulu,Gragas,Rengar,Qiyana,Yunara,Bard
EUW1_7618714120,Jayce,Vi,Hwei,Ezreal,Karma,Urgot,Viego,Akali,Kaisa,Neeko
EUW1_7612828769,Zaahen,Diana,Jayce,Smolder,Sona,Malphite,Sylas,Aurora,Kaisa,Nautilus
EUW1_7612794014,Zaahen,Chogath,Zed,Zeri,Alistar,Jayce,Ornn,Azir,Lux,Nautilus
EUW1_7612768161,LeeSin,FiddleSticks,Vladimir,Tristana,Brand,KSante,Talon,Orianna,Hwei,Shaco
EUW1_7612756077,Gnar,Nocturne,Akali,Kaisa,Janna,Yasuo,LeeSin,DrMundo,Mel,Brand
EUW1_7612745684,Kled,Rengar,Orianna,MissFortune,Karma,Shen,Viego,Akali,Twitch,Sylas
EUW1_7612729220,Akali,Fizz,Zaahen,Twitch,Bard,Yone,Amumu,Zed,Kaisa,Pantheon
EUW1_7612728560,Kayle,RekSai,Orianna,Mel,Camille,Vladimir,Viego,KSante,Smolder,Nami
EUW1_7611989279,Heimerdinger,LeeSin,Irelia,Jhin,Rell,Rengar,Qiyana,Orianna,MissFortune,Elise
EUW1_7611948934,Kennen,Sylas,Ambessa,Jhin,Poppy,Aatrox,Viego,Akali,Kaisa,Neeko
EUW1_7611908891,DrMundo,Jayce,Akali,Smolder,Neeko,Gragas,Ambessa,Quinn,Jhin,Bard
EUW1_7619904155,Aatrox,Ambessa,Gwen,Cassiopeia,Nautilus,Yasuo,Sylas,Viktor,Kaisa,Poppy
EUW1_7619489685,Shen,Ambessa,Kaisa,Corki,Janna,Vayne,DrMundo,Zoe,MissFortune,Pantheon
EUW1_7619067768,Darius,Shen,Swain,Jhin,Sona,Fiora,LeeSin,Cassiopeia,Ezreal,Blitzcrank
EUW1_7618996074,Jax,Ambessa,Syndra,Kaisa,Karma,Pantheon,Fizz,Zed,MissFortune,Neeko
EUW1_7618855025,Vayne,Talon,Leblanc,AurelionSol,Pantheon,KSante,Viego,Zoe,Kaisa,Bard
EUW1_7618376910,Riven,Sylas,Orianna,MissFortune,Nautilus,Aatrox,LeeSin,Syndra,Kaisa,Braum
EUW1_7618301026,Teemo,Malphite,Quinn,Ezreal,KSante,Yorick,Aatrox,Sylas,Kaisa,Neeko
EUW1_7618261350,Shen,Ornn,Taliyah,Tristana,Camille,Olaf,Chogath,Zed,Kaisa,Neeko
EUW1_7618147687,Vladimir,Jayce,Neeko,Draven,Janna,Shen,Zed,Malzahar,Kaisa,Bard
EUW1_7617940731,Gangplank,JarvanIV,Mel,Yunara,Karma,Gwen,Chogath,Jayce,Kaisa,Rakan
EUW1_7618009780,Gangplank,Diana,Mel,Jhin,Nautilus,Gwen,Aatrox,Akali,Lucian,Rell
EUW1_7617983656,Gangplank,Kindred,Sylas,MissFortune,Bard,Zaahen,Aatrox,Ekko,Ashe,Nautilus
EUW1_7610405624,Sion,Naafiri,Anivia,Jhin,Bard,KSante,Nidalee,Syndra,Zeri,Nautilus
EUW1_7610378045,Jax,Qiyana,Katarina,Jhin,Elise,Ambessa,Chogath,Orianna,Corki,Nautilus
EUW1_7610345421,Irelia,Chogath,Yone,Caitlyn,Nautilus,Zaahen,Jayce,Ryze,Corki,Nami
EUW1_7601034513,Ornn,Viego,Akali,Kaisa,Alistar,Camille,Diana,Galio,Tristana,Leona
EUW1_7600995068,Sion,LeeSin,Leblanc,Mel,Nautilus,Ekko,Graves,Syndra,Caitlyn,Bard
EUW1_7599978629,Swain,JarvanIV,Yone,Ziggs,Nautilus,Gwen,MonkeyKing,Irelia,Varus,Pyke
EUW1_7599943661,Rumble,LeeSin,Quinn,Ezreal,Leona,Yorick,XinZhao,Zed,Ziggs,Bard
EUW1_7599870292,Renekton,Graves,Syndra,Vayne,Braum,Fiora,Diana,Yasuo,Kaisa,Nautilus
EUW1_7617131304,Rumble,Graves,Ahri,Jhin,Poppy,Sion,Kindred,Orianna,Ziggs,Rell
EUW1_7617107020,Zaahen,Diana,Tristana,Ziggs,Bard,Gwen,Aatrox,Ahri,Jhin,Pyke
EUW1_7617068037,Sylas,Graves,Ryze,Kaisa,Nautilus,Jax,Ambessa,Vladimir,Draven,Shen
EUW1_7616234164,DrMundo,Diana,Yasuo,Yunara,Braum,Gwen,Chogath,Renekton,Jhin,Alistar
EUW1_7616152573,Nidalee,Chogath,Yone,Tristana,Rakan,Zaahen,Sylas,Ahri,Corki,Nautilus
EUW1_7616073957,Zaahen,Chogath,Mel,Sivir,Rell,Ambessa,Diana,Quinn,Ziggs,Leona
EUW1_7616015191,Zaahen,Nidalee,Tristana,Syndra,Taric,Teemo,Belveth,Ahri,Jinx,Poppy
EUW1_7615965282,Zaahen,Talon,Ryze,Kaisa,Taric,Aatrox,MonkeyKing,Cassiopeia,Mel,Senna
EUW1_7615925841,Sion,Talon,Ahri,Ashe,Janna,Aatrox,Teemo,Yasuo,Kaisa,Karma
EUW1_7615882414,Shen,Rengar,Leblanc,Jhin,Janna,Darius,Qiyana,Mel,Yunara,Zilean
EUW1_7618908904,Sion,Rengar,Swain,Draven,Nautilus,Jax,Sylas,Syndra,Kaisa,Bard
EUW1_7618891060,Fiora,RekSai,Viktor,Ezreal,Lux,Riven,MonkeyKing,Mel,Jhin,Amumu
EUW1_7618870770,Vladimir,Zaahen,Zed,Tristana,Janna,Ryze,Qiyana,Ambessa,Ashe,Zoe
EUW1_7618847346,Urgot,Khazix,Hwei,Twitch,Thresh,Irelia,Ivern,Sylas,Yunara,Nami
EUW1_7618832712,Ekko,Viego,Olaf,Tristana,Renata,Vayne,LeeSin,Katarina,Sivir,Alistar
EUW1_7618405294,Sion,Diana,Yasuo,Tristana,Alistar,Olaf,Sylas,Talon,Ziggs,Janna
EUW1_7618355224,KSante,Shaco,Yone,Mel,Bard,Vayne,Sylas,Quinn,Smolder,Alistar
EUW1_7617726896,KSante,Zed,Mel,Jhin,Janna,Shen,Sylas,Ryze,Yunara,Alistar
EUW1_7617688739,Renekton,Rengar,Ziggs,Tristana,Neeko,Ornn,Ambessa,Karma,Syndra,Poppy
EUW1_7617626291,Riven,Zac,Quinn,Syndra,Nautilus,KSante,Ambessa,Orianna,Smolder,Zaahen